Title,Location,Price
Apartment Vätternkade 85 A,"
            1060 PK Amsterdam (Middelveldsche Akerpolder)
        ","
                €1,750 per month
            "
Apartment Kraaienplein 54,"
            1021 EG Amsterdam (IJplein/Vogelbuurt)
        ","
                €1,450 per month
            "
Apartment Tegenhouderstraat,"
            1033 PS Amsterdam (Tuindorp Oostzaan)
        ","
                €1,475 per month
            "
Apartment Warmoesstraat 69 D,"
            1012 HX Amsterdam (Burgwallen-Oude Zijde)
        ","
                €2,100 per month
            "
Apartment Derde Schinkelstraat 27 A,"
            1075 TK Amsterdam (Schinkelbuurt)
        ","
                €2,500 per month
            "
Apartment Marnixstraat 354 bel,"
            1016 XV Amsterdam (Jordaan)
        ","
                €2,500 per month
            "
Apartment Rhijnvis Feithstraat,"
            1054 TZ Amsterdam (Overtoomse Sluis)
        ","
                €1,595 per month
            "
Apartment Keizersgracht 211 2,"
            1016 DT Amsterdam (Grachtengordel-West)
        ","
                €2,500 per month
            "
Apartment Groenburgwal,"
            1011 HS Amsterdam (Nieuwmarkt/Lastage)
        ","
                €3,500 per month
            "
Apartment Prinsengracht,"
            1015 DR Amsterdam (Grachtengordel-West)
        ","
                €2,150 per month
            "
Apartment Sausalitolaan,"
            1031 KE Amsterdam (Noordelijke IJ-oevers West)
        ","
                €1,875 per month
            "
Apartment Johannes Verhulststraat 181 2,"
            1075 GZ Amsterdam (Willemspark)
        ","
                €2,750 per month
            "
Apartment Nijenburg 7,"
            1081 GD Amsterdam (Buitenveldert-West)
        ","
                €2,150 per month
            "
Apartment Dintelstraat 61,"
            1078 VR Amsterdam (Scheldebuurt)
        ","
                €2,100 per month
            "
Apartment Panamalaan 182 P,"
            1019 AZ Amsterdam (Oostelijk Havengebied)
        ","
                €1,900 per month
            "
Apartment Galjootstraat 144,"
            1086 VE Amsterdam (IJburg West)
        ","
                €1,800 per month
            "
Apartment Bankastraat 17 A,"
            1094 CZ Amsterdam (Indische Buurt West)
        ","
                €1,850 per month
            "
Apartment Govert Flinckstraat 191 H,"
            1073 BV Amsterdam (Oude Pijp)
        ","
                €2,950 per month
            "
Apartment Haarlemmerstraat 47 I,"
            1013 EJ Amsterdam (Haarlemmerbuurt)
        ","
                €1,500 per month
            "
Apartment Brentanostraat 128,"
            1102 RZ Amsterdam (Bijlmer Centrum (D,F,H))
        ","
                €1,450 per month
            "
Apartment Amazonenstraat 49 hs,"
            1076 LG Amsterdam (Stadionbuurt)
        ","
                €2,350 per month
            "
Apartment Nieuwe Achtergracht,"
            1018 WN Amsterdam (Weesperbuurt/Plantage)
        ","
                €1,850 per month
            "
Apartment Burmanstraat 45,"
            1091 SH Amsterdam (Weesperzijde)
        ","
                €1,650 per month
            "
Apartment H. Cleyndertweg,"
            1025 EC Amsterdam (Buikslotermeer)
        ","
                €1,750 per month
            "
Apartment Staringplein,"
            1054 VK Amsterdam (Overtoomse Sluis)
        ","
                €1,700 per month
            "
Apartment Kleine Wittenburgerstraat,"
            1018 LV Amsterdam (Oostelijke Eilanden/Kadijken)
        ","
                €1,850 per month
            "
Apartment Cliostraat 12 I,"
            1077 KG Amsterdam (Apollobuurt)
        ","
                €4,950 per month
            "
Apartment Esplanade de Meer,"
            1098 WN Amsterdam (Middenmeer)
        ","
                €2,500 per month
            "
Apartment Geervliet,"
            1082 NM Amsterdam (Buitenveldert-Oost)
        ","
                €1,850 per month
            "
Apartment Govert Flinckstraat,"
            1073 BS Amsterdam (Oude Pijp)
        ","
                €1,995 per month
            "
Apartment Haarlemmerplein,"
            1013 HS Amsterdam (Haarlemmerbuurt)
        ","
                €2,100 per month
            "
